severidade,sku,produto,problema
bloqueia,"LDS7899737911160","LAMP LED DICROICA GU10 MR16 STELLA 6W 450LM 3000K 36 STH8535/30","Peso de 100 kg parece grama cadastrada como quilo (seriam 100 g). Frete sairia absurdo"
ajuste,"LDS7899737911160","LAMP LED DICROICA GU10 MR16 STELLA 6W 450LM 3000K 36 STH8535/30","Nome todo em caixa alta: dificulta a leitura na vitrine"
bloqueia,"LAMBLB50W65KMDX","LAMPADA BULBO ALTA POTENCIA BIVOLT 50W 6.500K E27 MUNDILUX 100506","Sem peso cadastrado: o frete não tem como ser calculado"
bloqueia,"LAMBLB50W65KMDX","LAMPADA BULBO ALTA POTENCIA BIVOLT 50W 6.500K E27 MUNDILUX 100506","Dimensões incompletas: transportadora cobra por cubagem"
atrapalha,"LAMBLB50W65KMDX","LAMPADA BULBO ALTA POTENCIA BIVOLT 50W 6.500K E27 MUNDILUX 100506","Sem descrição"
ajuste,"LAMBLB50W65KMDX","LAMPADA BULBO ALTA POTENCIA BIVOLT 50W 6.500K E27 MUNDILUX 100506","Nome todo em caixa alta: dificulta a leitura na vitrine"
bloqueia,"LAMBLB15W65KMDX","LAMPADA BULBO BIVOLT 15W 6.500K E27 MUNDILUX 100156","Sem peso cadastrado: o frete não tem como ser calculado"
bloqueia,"LAMBLB15W65KMDX","LAMPADA BULBO BIVOLT 15W 6.500K E27 MUNDILUX 100156","Dimensões incompletas: transportadora cobra por cubagem"
atrapalha,"LAMBLB15W65KMDX","LAMPADA BULBO BIVOLT 15W 6.500K E27 MUNDILUX 100156","Sem descrição"
ajuste,"LAMBLB15W65KMDX","LAMPADA BULBO BIVOLT 15W 6.500K E27 MUNDILUX 100156","Nome todo em caixa alta: dificulta a leitura na vitrine"
bloqueia,"LAMBLB9W65KMDX","LAMPADA BULBO BIVOLT 9W 6.500K E27 MUNDILUX 100096","Sem peso cadastrado: o frete não tem como ser calculado"
bloqueia,"LAMBLB9W65KMDX","LAMPADA BULBO BIVOLT 9W 6.500K E27 MUNDILUX 100096","Dimensões incompletas: transportadora cobra por cubagem"
atrapalha,"LAMBLB9W65KMDX","LAMPADA BULBO BIVOLT 9W 6.500K E27 MUNDILUX 100096","Sem descrição"
ajuste,"LAMBLB9W65KMDX","LAMPADA BULBO BIVOLT 9W 6.500K E27 MUNDILUX 100096","Nome todo em caixa alta: dificulta a leitura na vitrine"
bloqueia,"CJ1TM101TS4X2BCMLZ","MILUZ CONJUNTO 4X2 1 INTERRUPTOR TS E 1 TOMADA NBR 10A BRANCO S3B69030 SCHNEIDER","Sem peso cadastrado: o frete não tem como ser calculado"
bloqueia,"CJ1TM101TS4X2BCMLZ","MILUZ CONJUNTO 4X2 1 INTERRUPTOR TS E 1 TOMADA NBR 10A BRANCO S3B69030 SCHNEIDER","Dimensões incompletas: transportadora cobra por cubagem"
atrapalha,"CJ1TM101TS4X2BCMLZ","MILUZ CONJUNTO 4X2 1 INTERRUPTOR TS E 1 TOMADA NBR 10A BRANCO S3B69030 SCHNEIDER","Sem descrição"
ajuste,"CJ1TM101TS4X2BCMLZ","MILUZ CONJUNTO 4X2 1 INTERRUPTOR TS E 1 TOMADA NBR 10A BRANCO S3B69030 SCHNEIDER","Nome todo em caixa alta: dificulta a leitura na vitrine"
bloqueia,"CJTM20A4X2BCMLZ","MILUZ CONJUNTO 4X2 1 TOMADA NBR 20A BRANCO S3B60350 SCHNEIDER","Sem peso cadastrado: o frete não tem como ser calculado"
bloqueia,"CJTM20A4X2BCMLZ","MILUZ CONJUNTO 4X2 1 TOMADA NBR 20A BRANCO S3B60350 SCHNEIDER","Dimensões incompletas: transportadora cobra por cubagem"
atrapalha,"CJTM20A4X2BCMLZ","MILUZ CONJUNTO 4X2 1 TOMADA NBR 20A BRANCO S3B60350 SCHNEIDER","Sem descrição"
ajuste,"CJTM20A4X2BCMLZ","MILUZ CONJUNTO 4X2 1 TOMADA NBR 20A BRANCO S3B60350 SCHNEIDER","Nome todo em caixa alta: dificulta a leitura na vitrine"
bloqueia,"CJINT1TS4X2BCMLZ","MILUZ CONJUNTO 4X2 INTERRUPTOR 1TS BRANCO S3B62010 SCHNEIDER","Sem peso cadastrado: o frete não tem como ser calculado"
bloqueia,"CJINT1TS4X2BCMLZ","MILUZ CONJUNTO 4X2 INTERRUPTOR 1TS BRANCO S3B62010 SCHNEIDER","Dimensões incompletas: transportadora cobra por cubagem"
atrapalha,"CJINT1TS4X2BCMLZ","MILUZ CONJUNTO 4X2 INTERRUPTOR 1TS BRANCO S3B62010 SCHNEIDER","Sem descrição"
ajuste,"CJINT1TS4X2BCMLZ","MILUZ CONJUNTO 4X2 INTERRUPTOR 1TS BRANCO S3B62010 SCHNEIDER","Nome todo em caixa alta: dificulta a leitura na vitrine"
bloqueia,"CJ4X2PL1BCESUPMLZ","MILUZ CONJUNTO 4X2 PLACA 1 MOD BRANCA E SUPORTE S3B57210 SCHNEIDER","Sem peso cadastrado: o frete não tem como ser calculado"
bloqueia,"CJ4X2PL1BCESUPMLZ","MILUZ CONJUNTO 4X2 PLACA 1 MOD BRANCA E SUPORTE S3B57210 SCHNEIDER","Dimensões incompletas: transportadora cobra por cubagem"
atrapalha,"CJ4X2PL1BCESUPMLZ","MILUZ CONJUNTO 4X2 PLACA 1 MOD BRANCA E SUPORTE S3B57210 SCHNEIDER","Sem descrição"
ajuste,"CJ4X2PL1BCESUPMLZ","MILUZ CONJUNTO 4X2 PLACA 1 MOD BRANCA E SUPORTE S3B57210 SCHNEIDER","Nome todo em caixa alta: dificulta a leitura na vitrine"
bloqueia,"CJ4X2PL2BCESUPMLZ","MILUZ CONJUNTO 4X2 PLACA 2 MOD BRANCA E SUPORTE S3B57220 SCHNEIDER","Sem peso cadastrado: o frete não tem como ser calculado"
bloqueia,"CJ4X2PL2BCESUPMLZ","MILUZ CONJUNTO 4X2 PLACA 2 MOD BRANCA E SUPORTE S3B57220 SCHNEIDER","Dimensões incompletas: transportadora cobra por cubagem"
atrapalha,"CJ4X2PL2BCESUPMLZ","MILUZ CONJUNTO 4X2 PLACA 2 MOD BRANCA E SUPORTE S3B57220 SCHNEIDER","Sem descrição"
ajuste,"CJ4X2PL2BCESUPMLZ","MILUZ CONJUNTO 4X2 PLACA 2 MOD BRANCA E SUPORTE S3B57220 SCHNEIDER","Nome todo em caixa alta: dificulta a leitura na vitrine"
bloqueia,"CJ4X2PL3BCESUPMLZ","MILUZ CONJUNTO 4X2 PLACA 3 MOD BRANCA E SUPORTE S3B57230 SCHNEIDER","Sem peso cadastrado: o frete não tem como ser calculado"
bloqueia,"CJ4X2PL3BCESUPMLZ","MILUZ CONJUNTO 4X2 PLACA 3 MOD BRANCA E SUPORTE S3B57230 SCHNEIDER","Dimensões incompletas: transportadora cobra por cubagem"
atrapalha,"CJ4X2PL3BCESUPMLZ","MILUZ CONJUNTO 4X2 PLACA 3 MOD BRANCA E SUPORTE S3B57230 SCHNEIDER","Sem descrição"
ajuste,"CJ4X2PL3BCESUPMLZ","MILUZ CONJUNTO 4X2 PLACA 3 MOD BRANCA E SUPORTE S3B57230 SCHNEIDER","Nome todo em caixa alta: dificulta a leitura na vitrine"
bloqueia,"MODTOM10ABCMLZ","MILUZ MODULO TOMADA NBR 10A BRANCO S3B70340 SCHNEIDER","Sem peso cadastrado: o frete não tem como ser calculado"
bloqueia,"MODTOM10ABCMLZ","MILUZ MODULO TOMADA NBR 10A BRANCO S3B70340 SCHNEIDER","Dimensões incompletas: transportadora cobra por cubagem"
atrapalha,"MODTOM10ABCMLZ","MILUZ MODULO TOMADA NBR 10A BRANCO S3B70340 SCHNEIDER","Sem descrição"
ajuste,"MODTOM10ABCMLZ","MILUZ MODULO TOMADA NBR 10A BRANCO S3B70340 SCHNEIDER","Nome todo em caixa alta: dificulta a leitura na vitrine"
bloqueia,"MODTOM20ABCMLZ","MILUZ MODULO TOMADA NBR 20A BRANCO S3B70350 SCHNEIDER","Sem peso cadastrado: o frete não tem como ser calculado"
bloqueia,"MODTOM20ABCMLZ","MILUZ MODULO TOMADA NBR 20A BRANCO S3B70350 SCHNEIDER","Dimensões incompletas: transportadora cobra por cubagem"
atrapalha,"MODTOM20ABCMLZ","MILUZ MODULO TOMADA NBR 20A BRANCO S3B70350 SCHNEIDER","Sem descrição"
ajuste,"MODTOM20ABCMLZ","MILUZ MODULO TOMADA NBR 20A BRANCO S3B70350 SCHNEIDER","Nome todo em caixa alta: dificulta a leitura na vitrine"
bloqueia,"PLC4X21PBRMLZ","MILUZ PLACA 4X2 1 MOD BRANCA S3B77110 SCHNEIDER","Sem peso cadastrado: o frete não tem como ser calculado"
bloqueia,"PLC4X21PBRMLZ","MILUZ PLACA 4X2 1 MOD BRANCA S3B77110 SCHNEIDER","Dimensões incompletas: transportadora cobra por cubagem"
atrapalha,"PLC4X21PBRMLZ","MILUZ PLACA 4X2 1 MOD BRANCA S3B77110 SCHNEIDER","Sem descrição"
ajuste,"PLC4X21PBRMLZ","MILUZ PLACA 4X2 1 MOD BRANCA S3B77110 SCHNEIDER","Nome todo em caixa alta: dificulta a leitura na vitrine"
bloqueia,"SUP4X2MLZ","MILUZ SUPORTE 4X2 3 POSTOS S3B76120 SCHNEIDER ","Sem peso cadastrado: o frete não tem como ser calculado"
bloqueia,"SUP4X2MLZ","MILUZ SUPORTE 4X2 3 POSTOS S3B76120 SCHNEIDER ","Dimensões incompletas: transportadora cobra por cubagem"
atrapalha,"SUP4X2MLZ","MILUZ SUPORTE 4X2 3 POSTOS S3B76120 SCHNEIDER ","Sem descrição"
ajuste,"SUP4X2MLZ","MILUZ SUPORTE 4X2 3 POSTOS S3B76120 SCHNEIDER ","Nome todo em caixa alta: dificulta a leitura na vitrine"
ajuste,"PNLED80423004","PAINEL LED EMB QD BLUMENAU 12W 3000K ALU 170M 80423004 BIV","Nome todo em caixa alta: dificulta a leitura na vitrine"
ajuste,"PNLED80426004","PAINEL LED EMB QD BLUMENAU 12W 6500K ALU 170M 80426004 BIV","Nome todo em caixa alta: dificulta a leitura na vitrine"
bloqueia,"PNLQDSB18W6KEMP","PAINEL LED EMPALUX  ALU QDO SOB 18W 6000K 20X20CM 1244LM","Sem peso cadastrado: o frete não tem como ser calculado"
bloqueia,"PNLQDSB18W6KEMP","PAINEL LED EMPALUX  ALU QDO SOB 18W 6000K 20X20CM 1244LM","Dimensões incompletas: transportadora cobra por cubagem"
atrapalha,"PNLQDSB18W6KEMP","PAINEL LED EMPALUX  ALU QDO SOB 18W 6000K 20X20CM 1244LM","Sem descrição"
ajuste,"PNLQDSB18W6KEMP","PAINEL LED EMPALUX  ALU QDO SOB 18W 6000K 20X20CM 1244LM","Nome todo em caixa alta: dificulta a leitura na vitrine"
bloqueia,"PNLQDEM18W6KEMP","PAINEL LED EMPALUX ALU QDO EMB 018W 6000K 21X21CM 1244LM","Sem peso cadastrado: o frete não tem como ser calculado"
bloqueia,"PNLQDEM18W6KEMP","PAINEL LED EMPALUX ALU QDO EMB 018W 6000K 21X21CM 1244LM","Dimensões incompletas: transportadora cobra por cubagem"
atrapalha,"PNLQDEM18W6KEMP","PAINEL LED EMPALUX ALU QDO EMB 018W 6000K 21X21CM 1244LM","Sem descrição"
ajuste,"PNLQDEM18W6KEMP","PAINEL LED EMPALUX ALU QDO EMB 018W 6000K 21X21CM 1244LM","Nome todo em caixa alta: dificulta a leitura na vitrine"
bloqueia,"PNALQDEM24W30K29","PAINEL LED EMPALUX ALU QDO EMB 24W 3000K 29X29C","Sem peso cadastrado: o frete não tem como ser calculado"
bloqueia,"PNALQDEM24W30K29","PAINEL LED EMPALUX ALU QDO EMB 24W 3000K 29X29C","Dimensões incompletas: transportadora cobra por cubagem"
atrapalha,"PNALQDEM24W30K29","PAINEL LED EMPALUX ALU QDO EMB 24W 3000K 29X29C","Sem descrição"
ajuste,"PNALQDEM24W30K29","PAINEL LED EMPALUX ALU QDO EMB 24W 3000K 29X29C","Nome todo em caixa alta: dificulta a leitura na vitrine"
